{
  "activation": 0,
  "biases": [
    [
      -0.18331934711010822,
      0.9081568557418449,
      0.46916669190736204,
      0.6709241898708997,
      0.796929891128614
    ],
    [
      -0.5787524405696107,
      -0.29172587587191345
    ],
    [
      -0.6111714902260446,
      0.38825907113144953
    ],
    [
      0.0,
      0.0,
      0.0,
      0.0
    ]
  ],
  "layer": [
    5,
    2,
    2,
    4
  ],
  "weights": [
    [
      [
        -1.8026280197323814,
        0.4265938155756528,
        0.07980103783672154,
        -1.1393315258726426,
        1.5120970249960308
      ],
      [
        1.4801937267774958,
        -0.8570275272075651,
        -1.7085254568440917,
        -0.3321234530689601,
        1.7831093759638783
      ]
    ],
    [
      [
        0.48971155817972534,
        -1.3058388682990518
      ],
      [
        0.16948138553001524,
        -1.1858922908631213
      ]
    ],
    [
      [
        1.8620509858429113,
        -0.589794501418901
      ],
      [
        0.2619582991316962,
        -1.7727813710043596
      ],
      [
        0.2610581799557843,
        1.4939705227190823
      ],
      [
        -1.7761540943854,
        -1.4111053190508889
      ]
    ]
  ]
}